média,mediana,máximo,mínimo,desvio_padrão,platform_id
0.11490322580645163,0.11,0.13,0.1,0.005673733488314307,81b9ff906e3a4388b9f653bca589c7e4
1.623483870967742,1.68,1.97,1.36,0.13228435366455596,a9f174c82e60f7aebda7ac4556ef6c90
2.6324838709677416,2.74,2.92,1.91,0.2571312196920221,710097937adc911f775a21c036032e30
